{"train":{"MSE":0.0012021344,"RMSE":0.0346718095,"MAE":0.0239906553,"MAPE":70627.4296875},"test":{"MSE":0.0007443454,"RMSE":0.0272826942,"MAE":0.0202785943,"MAPE":0.0311440851}}