,train,test
MSE,0.0012021344155073166,0.0007443454011699587
RMSE,0.034671809524297714,0.027282694169930483
MAE,0.023990655317902565,0.0202785942519737
MAPE,70627.4296875,0.031144085077267323
